"","sp","slopeLong","slopeShort","Nbegin","Nmed","Nend","NbeginS","NmedS","NendS","NbeginA","NmedA","NendA","sphen_begin","sphen_med","sphen_end","aphen_begin","aphen_med","aphen_end","Ntotal"
"1","CYGOLO",83,-7,8783.42948138033,17357.4013347763,16080.8904761905,2889.39584243156,6622.86363636364,5931.2619047619,2311.97282500781,5986.23636363636,6419.09523809524,91,85,86,306,354,317,373370
"2","CYGCOL",25,-6,11.8351260839264,15.7270202020202,14.7380952380952,0.655688854489164,2.09090909090909,1.14285714285714,11.1794372294372,12,13.5952380952381,NA,NA,NA,288,300,294,515
"3","CYGCYG",59,4,1069.22309861621,1625.31089466089,1695.55238095238,223.129952091252,384.181818181818,366.142857142857,331.81420161366,584.181818181818,495,99,89,85,306,316,319,35957
"4","ANSFAB",76,78,1015.96871149576,1007.2,1789.30952380952,41.3782353052864,43.8363636363636,137.095238095238,974.590476190476,963.363636363636,1652.21428571429,110,106,82,271,274,275,44448
"5","ANSBRA",1217,159,0.142857142857143,0.727272727272727,1.88095238095238,0,0.272727272727273,1.5952380952381,0.142857142857143,0.454545454545455,0.285714285714286,NA,NA,NA,NA,NA,NA,24
"6","ANSALB",245,15,534.863899945943,1601.83636363636,1847.90476190476,13.1400904221338,13.3818181818182,41.5952380952381,521.72380952381,1588.45454545455,1806.30952380952,123,105,104,274,283,274,41556
"7","ANSERY",NA,-100,0,0.0909090909090909,0,0,0.0909090909090909,0,0,0,0,NA,NA,NA,NA,NA,NA,1
"8","ANSANS",92,-25,1603.30136349289,4129.11212121212,3086.09523809524,604.813821296523,1082.08181818182,1188.45238095238,900.223194534224,2737.35454545455,1689.5,105,94,91,269,271,269,92681
"9","ANSCAE",14,Inf,0.125,0,0.142857142857143,0.125,0,0.142857142857143,0,0,0,NA,NA,NA,NA,NA,NA,3
"10","BRACAN",399,28,54.4714096532982,211.864646464646,271.642857142857,32.253377440413,89.1272727272727,156.119047619048,6.6406512605042,100.290909090909,74.8571428571429,101,92,98,337,318,328,4818
"11","BRALEU",3790,515,1073.49354646042,6784.08282828283,41754.2857142857,311.085173198834,1624.63636363636,15586.6904761905,747.527222467935,4862.89090909091,25588.0238095238,142,132,137,284,277,273,383777
"12","BRABER",-18,-17,15452.5020381364,15382.5242424242,12704.5952380952,14855.8889957265,14015.7565656566,11136.4523809524,595.50510590201,1366.45454545455,1568.14285714286,145,146,147,280,275,270,475026
"13","BRARUF",86,57,0.0769230769230769,0.0909090909090909,0.142857142857143,0.0769230769230769,0.0909090909090909,0.142857142857143,0,0,0,NA,NA,NA,NA,NA,NA,3
"14","TADFER",193,Inf,0.0976190476190476,0,0.285714285714286,0,0,0,0.0976190476190476,0,0.285714285714286,NA,NA,NA,NA,NA,NA,4
"15","TADTAD",-9,-12,233.408732985281,239.937373737374,211.857142857143,206.53081094602,216.971717171717,203.571428571429,26.877922039261,22.3747474747475,8.28571428571428,114,110,109,220,233,223,7401
"16","AIXGAL",-100,NA,0.173955108359133,0,0,0.173955108359133,0,0,0,0,0,NA,NA,NA,NA,NA,NA,3
"17","ANAPEN",125,-5,3649.0921354746,8677.94444444445,8210.64285714286,569.021996025131,1060.26363636364,836.857142857143,3079.15347278281,7617.29898989899,7373.78571428571,114,106,105,262,265,259,214801
"18","ANASTR",1386,72,8.5779984463421,74.079797979798,127.428571428571,6.04251758733183,44.0363636363636,102.095238095238,2.53548085901027,29.8434343434343,23.5,122,119,123,220,215,254,1828
"19","ANACRE",122,26,1250.06761430004,2209.10202020202,2773.57142857143,436.941790008237,953.090909090909,1070.78571428571,812.125824291807,1254.02323232323,1702.16666666667,115,115,113,234,234,240,64638
"20","ANAPLA",17,-21,11694.2151138164,17408.3422438672,13737.4523809524,1609.4581801927,4085.05454545455,2445.7619047619,7985.0513780681,9403.32929292929,8687.16666666667,100,93,93,268,253,244,408816
"21","ANAACU",26,-26,485.843009115068,828.756565656566,611.380952380952,108.599204987479,174.974747474747,189.309523809524,376.752137460922,652.927272727273,421.071428571429,115,113,110,252,249,252,22544
"22","ANAQUE",-34,19,18.708747547602,10.4545454545455,12.4047619047619,12.5315263082291,8.27272727272727,10.9761904761905,6.17722123937294,2.18181818181818,1.42857142857143,126,127,124,218,236,244,503
"23","ANACLY",95,24,382.632240338781,601.758585858586,748,160.026770073751,346.363636363636,378.952380952381,222.605470265029,255.394949494949,369.047619047619,126,123,124,241,233,238,18216
"24","AYTFER",-72,-43,81.7477446229381,39.5646464646465,22.5238095238095,63.1783014070553,26.1272727272727,18.3095238095238,17.3194432158828,12.4555555555556,3.71428571428571,109,111,105,260,258,257,1917
"25","AYTCOL",Inf,Inf,0,0,0.571428571428571,0,0,0.571428571428571,0,0,0,NA,NA,NA,NA,NA,NA,4
"26","AYTFUL",35,-2,4650.97260851464,6398.98708513709,6290.94285714286,2592.59194866451,2800.73636363636,2170.09523809524,1998.05446937394,3202.34242424242,3831.14285714286,122,119,117,219,255,260,178136
"27","AYTMAR",-10,-12,387.443387722529,397.08676046176,348.585714285714,69.1226252548621,102.136363636364,65.1666666666667,289.820762467666,167.909090909091,251.047619047619,123,121,119,301,317,295,11195
"28","SOMMOL",-5,-7,52760.202956323,53821.0545454545,50192.6904761905,45740.3810469544,44779.5272727273,42274.9047619048,7016.42905222572,9040.45252525253,7917.5,105,102,105,199,176,171,8897352
"29","SOMSPE",-73,-57,4.27639174121372,2.72727272727273,1.16666666666667,4.27639174121372,2.72727272727273,1.16666666666667,0,0,0,116,111,106,NA,NA,NA,103
"30","POLSTE",-55,-72,37.9160697274861,60.8974747474747,17.047619047619,30.573212584629,57.6454545454545,15,1.36666666666667,1.18181818181818,0.285714285714286,128,125,123,NA,NA,NA,1273
"31","CLAHYE",27,35,109114.031158019,102367.244733045,138052.404761905,53514.6569568375,40524.4777777778,42628.0714285714,54333.0749948323,55834.0457070707,91667.5714285714,132,124,106,289,294,293,3814269
"32","MELNIG",803,24,1252.73519220717,9102.57554112554,11308.2619047619,1030.33882020542,8402.69090909091,10026.619047619,218.903514858894,658.912121212121,1266.71428571429,137,132,127,253,250,250,198194
"33","MELPER",NA,-100,0,0.0909090909090909,0,0,0.0909090909090909,0,0,0,0,NA,NA,NA,NA,NA,NA,1
"34","MELFUS",19,20,2155.97074108812,2124.14137806638,2558.09523809524,1226.67364813119,1358.92727272727,1711.71428571429,911.519315179145,600.736363636364,752.809523809524,131,127,131,172,212,212,72597
"35","MELDEG",Inf,Inf,0,0,0.857142857142857,0,0,0.857142857142857,0,0,0,NA,NA,NA,NA,NA,NA,6
"36","BUCCLA",50,32,15222.6755425775,17290.6886363636,22798.4523809524,4286.98426173929,5689.85454545455,4992.2619047619,10290.9396935366,8936.99191919192,13087.9047619048,101,92,88,289,285,294,530811
"37","MERALB",257,45,64.0213689690083,157.331168831169,228.857142857143,38.5217735695677,112.763636363636,89.8571428571429,7.87340492325012,25.3111111111111,44.0238095238095,103,96,99,380,301,394,4055
"38","MERSER",34,7,2647.08534320856,3315.97067099567,3547.65238095238,1475.64363849515,2085.94545454545,2462.2380952381,780.5602773989,867.437626262626,774.928571428571,122,114,107,271,271,272,101093
"39","MERMER",-9,-25,20187.921277308,24526.3708874459,18450.119047619,4282.67310910624,5680.89090909091,3791.42857142857,12019.3366602653,14755.9731601732,12501.6904761905,97,92,97,283,158,158,594227
"40","COTCOT",-100,-100,0.175,0.190909090909091,0,0,0,0,0.175,0.0909090909090909,0,NA,NA,NA,NA,NA,NA,4
"41","TETBON",-100,-100,0.380952380952381,0.454545454545455,0,0,0,0,0.380952380952381,0.363636363636364,0,NA,NA,NA,NA,NA,NA,13
"42","TETRIX",57,40,20.7879045490114,23.3909090909091,32.6666666666667,5.27121409292462,13.6363636363636,17.4761904761905,13.6904999798963,9.09090909090909,11.0952380952381,114,111,112,291,292,300,843
"43","TETURO",-11,70,0.348214285714286,0.181818181818182,0.30952380952381,0.0625,0,0.142857142857143,0.285714285714286,0.181818181818182,0.166666666666667,NA,NA,NA,NA,NA,NA,11
"44","PERPER",-100,-100,0.384615384615385,0.454545454545455,0,0.384615384615385,0.181818181818182,0,0,0.272727272727273,0,NA,NA,NA,NA,NA,NA,10
"45","PHACOL",Inf,-34,0,0.867676767676768,0.571428571428571,0,0.272727272727273,0.428571428571429,0,0.272727272727273,0.142857142857143,NA,NA,NA,NA,NA,NA,13
"46","GAVSTE",-18,-34,892.98767473067,1119.56085858586,733.333333333333,606.213874622969,699.290909090909,463.02380952381,201.214673123574,349.109090909091,231.357142857143,142,141,141,266,260,270,30830
"47","GAVARC",18,-12,4668.01461006744,6281.18023088023,5523.95238095238,4249.26429757463,5655.78181818182,5146.97619047619,390.066185508678,582.072727272727,353.095238095238,145,141,141,252,252,247,178105
"48","GAVIMM",Inf,-49,0,0.281818181818182,0.142857142857143,0,0.190909090909091,0.142857142857143,0,0.0909090909090909,0,NA,NA,NA,NA,NA,NA,4
"49","GAVADA",-44,-57,1.32054514113338,1.72727272727273,0.738095238095238,0.677687998276234,1.54545454545455,0.428571428571429,0.192857142857143,0.181818181818182,0.142857142857143,NA,NA,NA,NA,NA,NA,37
"50","TACRUF",-84,-97,1.04761904761905,5.4754329004329,0.166666666666667,0,3.06363636363636,0,0.0476190476190476,0.545454545454545,0,NA,NA,NA,NA,NA,NA,58
"51","PODCRI",-69,-56,582.949912909588,411.669624819625,182.357142857143,127.595947752798,121.272727272727,96.4285714285714,428.989092284564,270.106060606061,81.8809523809524,119,110,110,260,262,259,16428
"52","PODGRI",35,-24,37.6511838608588,66.9929292929293,50.9047619047619,21.4245691528973,53,35.9761904761905,14.3900134007719,13.420202020202,13.3095238095238,125,117,114,263,241,247,1709
"53","PODAUR",-4,21,12.0475389548532,9.63293650793651,11.6190476190476,4.09232125373766,5.27272727272727,6.04761904761905,6.67743992333776,2.54545454545455,5.42857142857143,121,116,115,240,242,216,383
"54","PHACAR",1539,-30,3429.52066056578,80386.1851370851,56207.6666666667,721.622586671155,8914.22449494949,3608.61904761905,2627.85486571392,65756.9687590188,51511.3333333333,101,121,108,233,239,239,1245021
"55","BOTSTE",923,31,0.20952380952381,1.63636363636364,2.14285714285714,0.0666666666666667,0.181818181818182,0.285714285714286,0.142857142857143,1.45454545454545,1.85714285714286,NA,NA,NA,NA,NA,NA,3
"56","EGRALB",Inf,2048,0,0.272727272727273,5.85714285714286,0,0.0909090909090909,1.42857142857143,0,0.181818181818182,4.28571428571429,NA,NA,NA,NA,NA,NA,44
"57","ARDCIN",833,34,118.918211527035,827.828643578644,1109.83333333333,19.0967479587836,155.481818181818,166.285714285714,98.1065942872057,630.316161616162,913.261904761905,117,106,111,235,237,230,18759
"58","CICNIG",81,-76,0.158187134502924,1.18181818181818,0.285714285714286,0,0.181818181818182,0,0.158187134502924,1,0.285714285714286,NA,NA,NA,NA,NA,NA,18
"59","CICCIC",41,354,1.7524002313476,0.545454545454545,2.47619047619048,1.52783882783883,0.454545454545455,2.47619047619048,0.224561403508772,0.0909090909090909,0,NA,NA,NA,NA,NA,NA,48
"60","PLEFAL",-100,-100,0.0476190476190476,0.0909090909090909,0,0,0,0,0.0476190476190476,0.0909090909090909,0,NA,NA,NA,NA,NA,NA,2
"61","PERAPI",96,-1,143.546491984108,283.387878787879,281.190476190476,19.2907940099117,22.8858585858586,18.4285714285714,123.037444005942,258.572727272727,261.904761904762,151,149,148,253,254,255,7877
"62","MILMIG",612,154,0.74547705046931,2.09090909090909,5.30952380952381,0.244631185807656,0.0909090909090909,1.14285714285714,0.500845864661654,1.90909090909091,3.73809523809524,NA,NA,NA,NA,NA,NA,74
"63","MILMIL",Inf,Inf,0,0,0.142857142857143,0,0,0.142857142857143,0,0,0,NA,NA,NA,NA,NA,NA,1
"64","HALALB",927,62,153.18059819008,968.786219336219,1573.48571428571,49.6892186717651,292.463636363636,593.47619047619,67.6062604706955,486.872727272727,715.666666666667,79,89,88,288,285,281,22897
"65","CIRGAL",-100,NA,0.0476190476190476,0,0,0,0,0,0.0476190476190476,0,0,NA,NA,NA,NA,NA,NA,1
"66","CIRAER",347,-1,21.5419462546398,96.9090909090909,96.3571428571429,7.55973398376649,16.6363636363636,16.5952380952381,13.8572122708733,80.1818181818182,79.6190476190476,122,120,120,242,238,242,2126
"67","CIRCYA",-25,-10,136.278968958458,113.399494949495,101.857142857143,15.0574894017231,10.5454545454545,7.30952380952381,121.221479556735,102.009090909091,94.5476190476191,116,113,120,260,265,266,4705
"68","CIRMAC",2900,280,0.138095238095238,1.09090909090909,4.14285714285714,0.138095238095238,0.363636363636364,0.714285714285714,0,0.727272727272727,3.42857142857143,NA,NA,NA,NA,NA,NA,43
"69","CIRPYG",-100,-100,0.15,0.909090909090909,0,0.15,0.818181818181818,0,0,0.0909090909090909,0,NA,NA,NA,NA,NA,NA,12
"70","ACCGEN",-51,-42,148.548674931879,126.677380952381,73.0238095238095,7.8168813771368,5.50909090909091,3.73809523809524,128.654412602362,114.272727272727,67,104,93,107,283,286,286,4620
"71","ACCNIS",38,-16,3989.86407669987,6577.94588744589,5515.03333333333,108.275043231622,141.463636363636,136.928571428571,3869.79816045238,6422.45454545455,5371.47619047619,112,110,112,258,255,254,192109
"72","BUTBUT",114,14,298.073338649654,560.862049062049,636.961904761905,43.2999062942561,37.7636363636364,23.2619047619048,253.948432355398,517.909090909091,611.547619047619,103,103,104,260,272,271,16521
"73","BUTRUF",NA,-100,0,0.181818181818182,0,0,0,0,0,0.181818181818182,0,NA,NA,NA,NA,NA,NA,2
"74","BUTLAG",-23,12,159.796068147539,110.058008658009,123.504761904762,98.407698493457,55.8090909090909,65.0238095238095,61.0550363207484,53.0909090909091,54.5238095238095,108,107,110,282,288,286,4990
"75","AQUCLA",140,26,0.238095238095238,0.454545454545455,0.571428571428571,0,0.0909090909090909,0.142857142857143,0.238095238095238,0.363636363636364,0.428571428571429,NA,NA,NA,NA,NA,NA,14
"76","AQUPOM",-100,NA,0.197869674185464,0,0,0,0,0,0.197869674185464,0,0,NA,NA,NA,NA,NA,NA,4
"77","AQUCHR",145,-16,5.34276315789474,15.544696969697,13.0714285714286,0.0625,0.0909090909090909,0,5.08026315789474,14.4545454545455,12.9285714285714,NA,NA,NA,292,292,290,363
"78","AQUNIP",Inf,-21,0,0.181818181818182,0.142857142857143,0,0,0.142857142857143,0,0.181818181818182,0,NA,NA,NA,NA,NA,NA,3
"79","PANHAL",44,-30,41.9598603151235,85.9606060606061,60.547619047619,17.5451684194718,32.8363636363636,21.3571428571429,24.0178664988263,52.3,39.047619047619,116,113,114,246,249,249,2121
"80","FALTIN",145,20,129.994014314719,266.094696969697,318.97619047619,20.1305992038577,35.5454545454545,57.5,107.443317071645,228.763636363636,257.47619047619,115,115,121,248,241,246,7652
"81","FALVES",72,80,0.664471841368126,0.636363636363636,1.14285714285714,0.305147058823529,0.181818181818182,0.428571428571429,0.359324782544597,0.454545454545455,0.714285714285714,NA,NA,NA,NA,NA,NA,27
"82","FALCOL",52,-13,52.954320636364,92.7159090909091,80.5476190476191,11.654062638428,12.5454545454545,14.2142857142857,40.7447024423805,79.1909090909091,65.9047619047619,112,113,111,268,266,266,2613
"83","FALSUB",273,38,54.8707490351066,148.623232323232,204.785714285714,13.1396547080371,34.0727272727273,50.6428571428571,37.1128403588156,108.454545454545,143,137,131,128,251,252,252,4002
"84","FALRUS",-52,-65,0.345238095238095,0.472727272727273,0.166666666666667,0,0,0,0.0952380952380952,0.181818181818182,0.166666666666667,NA,NA,NA,NA,NA,NA,9
"85","FALPER",1378,86,3.34011990761217,26.4876262626263,49.3571428571429,0.375834193326453,4.41818181818182,9.14285714285714,2.96428571428571,18.3636363636364,33.4047619047619,NA,NA,NA,265,271,281,690
"86","RALAQU",688,57,0.108823529411765,0.545454545454545,0.857142857142857,0,0.0909090909090909,0.142857142857143,0.108823529411765,0.454545454545455,0.714285714285714,NA,NA,NA,NA,NA,NA,14
"87","PORPOR",-84,-21,0.869339402427638,0.181818181818182,0.142857142857143,0,0.0909090909090909,0.142857142857143,0.36656162464986,0.0909090909090909,0,NA,NA,NA,NA,NA,NA,14
"88","CRECRE",-20,322,1.48075396825397,0.281818181818182,1.19047619047619,0.3875,0.0909090909090909,1.19047619047619,0.238095238095238,0.0909090909090909,0,NA,NA,NA,NA,NA,NA,28
"89","GALCHL",143,-25,0.0588235294117647,0.190909090909091,0.142857142857143,0.0588235294117647,0,0,0,0,0.142857142857143,NA,NA,NA,NA,NA,NA,4
"90","FULATR",-95,-86,58.6142002862978,20.9173520923521,3,57.8264496597314,17.0545454545455,1.14285714285714,0.162750626566416,0.0909090909090909,1.85714285714286,107,106,102,NA,NA,NA,1249
"91","GRUGRU",439,11,5030.00953517157,24394.8363636364,27135.7857142857,1949.53965520204,7760.55454545455,7951.80952380952,3074.57332301342,16627.2727272727,19181.2619047619,107,105,106,265,267,266,553928
"92","RECAVO",-19,92,1.92837930043812,0.818181818181818,1.57142857142857,1.92837930043812,0.727272727272727,1.57142857142857,0,0.0909090909090909,0,NA,NA,NA,NA,NA,NA,51
"93","HAEOST",16,17,3921.86170285253,3898.03232323232,4552.88095238095,2644.9924941029,2888.09090909091,3619.30952380952,769.687153876395,655.615151515152,596.285714285714,117,122,123,224,218,222,133650
"94","PLUAPR",15,-10,267.167489532311,342.674747474747,307.52380952381,111.140550814854,156.909090909091,119.857142857143,156.026938717457,185.765656565657,187.52380952381,126,122,124,252,245,251,10763
"95","PLUSQU",-3,-23,4525.20574333647,5724.33838383838,4381.09523809524,4371.21234378367,5482.43636363636,4242.42857142857,153.539431298835,241.690909090909,138.52380952381,148,150,147,246,216,225,160114
"96","VANVAN",6,36,1072.05361478047,833.770707070707,1137.80952380952,843.128443537886,625.481818181818,961.5,228.925171242586,208.188888888889,176.309523809524,99,93,91,214,206,209,33393
"97","CHADUB",-72,-41,77.5171351739076,37.2151515151515,21.7857142857143,30.0130662723929,21.7272727272727,12.5,27.0080263819428,10.4565656565657,4.14285714285714,135,132,136,206,217,211,1647
"98","CHAHIA",-10,-16,1137.69680168043,1217.19292929293,1022.71428571429,358.582075243298,380.427272727273,261.142857142857,740.04647246888,807.408080808081,749,134,135,137,243,239,239,39471
"99","CHAMOR",1137,166,0.25406162464986,1.18181818181818,3.14285714285714,0.0588235294117647,0.454545454545455,3.14285714285714,0.195238095238095,0.727272727272727,0,NA,NA,NA,NA,NA,NA,40
"100","NUMPHA",38,22,351.678334646949,395.443434343434,483.833333333333,312.956033466018,334.645454545455,419.261904761905,38.7223011809312,60.7979797979798,64.5714285714286,129,126,126,201,201,201,13160
"101","NUMARQ",15,-18,1407.88099056087,1956.06666666667,1612.47619047619,1181.91965381969,1642.09090909091,1435.19047619048,225.961336741174,313.975757575758,177.285714285714,112,113,112,221,201,216,56743
"102","LIMLIM",-39,88,1.67031379353361,0.545454545454545,1.02380952380952,0.876662999882814,0.363636363636364,0.452380952380952,0.671428571428571,0.181818181818182,0.428571428571429,NA,NA,NA,NA,NA,NA,43
"103","LIMLAP",-24,-52,2086.25800322828,3306.76363636364,1579.7380952381,2025.92189197541,3139.73636363636,1443.71428571429,59.8194445862016,166.563636363636,134.02380952381,134,131,146,219,216,209,82620
"104","AREINT",-77,-45,111.083241427475,47.1626262626263,25.7857142857143,62.6257111954093,36.7272727272727,20.5,17.2854749997165,6.52424242424242,3.28571428571429,131,134,134,NA,NA,NA,2191
"105","CALCAN",-14,-26,1643.53544570325,1910.04242424242,1412.7380952381,1559.31599152482,1807.54242424242,1311.88095238095,84.2194541784325,102.5,100.857142857143,158,153,148,237,228,223,56028
"106","CALPUG",-57,-44,668.787229432934,513.29898989899,285.357142857143,125.377662245735,200.636363636364,89.7857142857143,543.409567187199,312.662626262626,195.571428571429,132,128,129,241,234,226,19208
"107","CALFAL",48,37,9.44146560783558,10.1909090909091,14,1.70045518207283,3.72727272727273,5.85714285714286,7.74101042576275,6.46363636363636,8.14285714285714,151,149,150,206,205,211,361
"108","CALFER",-31,-45,37.4840119246079,46.7545454545455,25.7142857142857,0.553113553113553,0.181818181818182,0.571428571428571,36.9308983714943,46.5727272727273,25.1428571428571,NA,NA,NA,234,220,221,1351
"109","CALTEM",-56,-59,42.028189629428,44.7080808080808,18.2857142857143,16.9030596854126,19.1818181818182,7.28571428571429,25.0140188329043,25.5262626262626,11,142,137,138,213,213,211,1252
"110","CALALB",-68,-61,6.76489692368175,5.47272727272727,2.14285714285714,0.1875,1.56363636363636,0.285714285714286,6.57739692368175,3.90909090909091,1.85714285714286,NA,NA,NA,250,237,235,207
"111","CALALP",-45,-29,5546.13436121412,4306.09797979798,3077.85714285714,4260.72259991041,2935.37272727273,1656,1285.41176130371,1370.72525252525,1421.85714285714,147,150,148,225,223,219,152726
"112","CALMAR",Inf,1405,0,0.474747474747475,7.14285714285714,0,0,0.142857142857143,0,0.272727272727273,6.85714285714286,NA,NA,NA,NA,NA,NA,55
"113","CALUTA",-80,-30,46.6927675996174,13.2909090909091,9.28571428571428,0.614758852258852,0.363636363636364,0.571428571428571,46.0780087473586,12.8363636363636,8.71428571428571,NA,NA,NA,253,239,239,1121
"114","PHALOB",21,-66,11.445700459671,41.1363636363636,13.8571428571429,10.920408676291,39.0090909090909,10.4285714285714,0.525291783380019,2.12727272727273,3.28571428571429,148,149,148,NA,NA,NA,718
"115","PHAFUL",200,Inf,0.0476190476190476,0,0.142857142857143,0,0,0,0.0476190476190476,0,0.142857142857143,NA,NA,NA,NA,NA,NA,2
"116","XENCIN",-49,57,0.282539682539683,0.0909090909090909,0.142857142857143,0.0714285714285714,0.0909090909090909,0,0.211111111111111,0,0.142857142857143,NA,NA,NA,NA,NA,NA,5
"117","ACTHYP",-48,-38,372.309888645067,315.978787878788,194.785714285714,84.4013875185702,96.9090909090909,57.0714285714286,287.908501126497,219.069696969697,137.714285714286,141,141,141,208,208,212,10299
"118","TRIOCH",0,-14,107.778586029554,125.547474747475,107.833333333333,18.3860695290262,22.3636363636364,16.8333333333333,89.3925165005273,103.183838383838,91,113,109,106,205,207,210,3750
"119","TRIERY",-1,-7,122.406087853495,131.112121212121,121.595238095238,8.10157293686705,23.4545454545455,24.452380952381,114.304514916628,107.657575757576,97.1428571428571,132,129,128,218,213,211,4233
"120","TRINEB",11,6,714.02800657375,742.475757575758,790.214285714286,59.0998888151752,105.590909090909,159.595238095238,654.928117758574,636.884848484848,630.619047619048,125,123,125,218,217,215,25312
"121","TRISTA",Inf,214,0,0.0909090909090909,0.285714285714286,0,0.0909090909090909,0.142857142857143,0,0,0.142857142857143,NA,NA,NA,NA,NA,NA,3
"122","TRIGLA",25,-19,1158.47326253038,1792.11313131313,1444.35714285714,101.720982509063,483.090909090909,246.071428571429,1056.75228002132,1309.02222222222,1198.28571428571,135,130,132,214,208,210,48449
"123","TRITOT",-60,-28,465.90135061447,258.627272727273,187.5,215.3282080106,163.154545454545,114.928571428571,250.57314260387,95.4727272727273,72.5714285714286,121,128,125,206,199,221,10263
"124","LYMMIN",116,50,9.70402505131607,13.9363636363636,20.9285714285714,1.60828570294515,2.63636363636364,1.85714285714286,7.84573934837093,10.7272727272727,19.0714285714286,116,123,115,276,278,289,487
"125","SCORUS",-11,-37,97.256795981796,137.875252525253,86.7380952380952,59.8231798215544,80.9181818181818,55.4523809523809,23.9166855418403,40.2545454545455,24.3333333333333,105,102,97,291,286,299,3518
"126","GALGAL",-26,-23,203.675379878979,196.035858585859,150.761904761905,81.7432416053159,65.9272727272727,51.3809523809524,121.466034524471,127.263636363636,99.2380952380952,108,102,106,245,256,255,6901
"127","GALMED",-73,-41,1.61263736263736,0.727272727272727,0.428571428571429,0.0769230769230769,0,0,1.53571428571429,0.727272727272727,0.428571428571429,NA,NA,NA,NA,NA,NA,44
"128","STEPOM",5,212,6.73720429467333,2.27272727272727,7.09523809523809,0.83634184443008,1.90909090909091,0.714285714285714,5.90086245024326,0.363636363636364,6.38095238095238,NA,NA,NA,NA,NA,NA,128
"129","STECUS",66,1,221.469703786925,361.712121212121,366.952380952381,114.526941148806,207.563636363636,205.47619047619,90.203476923833,138.166666666667,149.333333333333,138,136,133,216,223,219,9574
"130","STELON",1047,240,0.161904761904762,0.545454545454545,1.85714285714286,0.0666666666666667,0,0,0.0952380952380952,0.545454545454545,1.85714285714286,NA,NA,NA,NA,NA,NA,22
"131","STESKU",NA,-100,0,0.181818181818182,0,0,0.0909090909090909,0,0,0.0909090909090909,0,NA,NA,NA,NA,NA,NA,2
"132","CEPGRY",-60,-21,159.419629480427,80.3327922077922,63.6190476190476,23.4338496556763,21.7727272727273,12.4047619047619,29.7987484737485,20.3777777777778,28.452380952381,119,115,127,285,204,275,2442
"133","ALCTOR",222,-21,96.331735515946,393.23005050505,310.5,8.94949650023179,45,33.4285714285714,65.9600329538023,191.19696969697,201.880952380952,137,141,139,199,198,195,7498
"134","ALLALL",-100,NA,0.397619047619048,0,0,0,0,0,0.397619047619048,0,0,NA,NA,NA,NA,NA,NA,5
"135","URIAAL",2043,67,0.0666666666666667,0.854545454545455,1.42857142857143,0,0.581818181818182,0.571428571428571,0.0666666666666667,0.181818181818182,0.857142857142857,NA,NA,NA,NA,NA,NA,20
"136","STEALB",229,111,0.304408457040036,0.474747474747475,1,0.304408457040036,0.474747474747475,0.857142857142857,0,0,0.142857142857143,NA,NA,NA,NA,NA,NA,17
"137","HYDCAS",-33,-15,176.756572568299,140.124242424242,118.952380952381,51.2118277405429,20.7363636363636,23.6666666666667,91.9919302403822,102.552525252525,79.4285714285714,141,124,125,215,215,217,5020
"138","CHLNIG",-45,-6,1.08566145756548,0.636363636363636,0.595238095238095,0.767857142857143,0.454545454545455,0.452380952380952,0.317804314708339,0.181818181818182,0.142857142857143,NA,NA,NA,NA,NA,NA,27
"139","STESAN",51,-45,1.98633017309488,5.49292929292929,3,0.348246606334842,0.181818181818182,1.14285714285714,1.15653594771242,4.48383838383838,1.85714285714286,NA,NA,NA,194,223,231,105
"140","STEHIR",139,0,1704.49457804407,4089.61060606061,4080.21428571429,393.005765029604,1104.75151515152,1045.5,1080.35277111519,2469.76666666667,2523.85714285714,125,121,116,207,224,224,61076
"141","STEAEA",124,-3,3545.47833792884,8227.21518759019,7941.14285714286,1561.06418427204,3942.27070707071,3375.14285714286,1012.31760576025,1712.85003607504,2266.42857142857,124,123,122,204,204,206,88620
"142","HYDMIN",250,34,153.927839437824,400.378535353535,538.47619047619,47.4760214029177,145.727272727273,74.5476190476191,104.274813258637,247.50202020202,456.97619047619,127,125,124,279,291,280,10753
"143","RISTRI",94,153,5.20895051800625,3.9974025974026,10.1190476190476,1.09704698466308,2.4,1.57142857142857,3.25079242223205,1.45454545454545,7.73809523809524,113,122,112,310,304,306,189
"144","LARRID",-33,1,17097.2126416025,11295.9417748918,11406.7380952381,3331.92895083932,3461.94343434343,3671.92857142857,13659.4876590171,7721.54797979798,7695.35714285714,110,104,102,209,202,202,462750
"145","LARCAN",72,-19,18727.8102603236,39727.6683261183,32129.5285714286,5435.9550792259,5449.39624819625,5781.07142857143,7958.7460435849,23328.3229437229,21441.3333333333,109,95,97,305,292,286,771874
"146","LARFUS",-77,-41,1023.99015200915,403.348484848485,239.714285714286,384.418560417051,160,130.714285714286,477.822857483074,214.99696969697,91.2857142857143,115,115,113,228,231,237,20140
"147","LARARG",-59,-40,27193.3241052893,18321.6583333333,11050.0380952381,8542.48098659167,7517.58340548341,5116.95238095238,12165.3729774826,6161.15551948052,3998.5,98,67,82,274,286,308,470932
"148","LARCAC",Inf,Inf,0,0,0.285714285714286,0,0,0,0,0,0.285714285714286,NA,NA,NA,NA,NA,NA,2
"149","LARHYP",-96,-60,7.4020712302833,0.765656565656566,0.30952380952381,1.90853056042685,0.181818181818182,0,0.243540669856459,0,0,NA,NA,NA,NA,NA,NA,43
"150","LARMAR",-52,-52,6116.45042813224,6122.75173160173,2910.64761904762,1834.05852539274,2411.7996031746,1234.64285714286,2714.96303862976,2353.78589466089,1191.42857142857,98,104,108,295,256,247,122665
"151","COLLIV",49,46,56.4826885962335,57.6828282828283,84.4047619047619,3.40149281832718,3.27272727272727,12.8333333333333,43.0811957779063,53.810101010101,70.5714285714286,104,147,129,230,204,206,4682
"152","COLOEN",-19,-37,638.728417617814,819.606240981241,518.904761904762,174.683479600894,206.036363636364,175.833333333333,458.822977053047,608.748484848485,338.214285714286,98,91,91,273,282,284,24625
"153","COLPAL",-9,-38,29491.3434690009,43182.5616161616,26729.7142857143,2427.64096597417,2178.65454545455,2683.09523809524,26972.2617799426,40877.3929292929,23880.380952381,108,105,102,271,272,274,1262774
"154","STRDEC",-57,-30,5.58871755179805,3.48181818181818,2.42857142857143,3.12507990375637,2.36363636363636,1.42857142857143,1.44419320359723,0.827272727272727,0.714285714285714,148,137,157,NA,NA,NA,133
"155","STRTUR",-88,-13,11.464050019468,1.63636363636364,1.42857142857143,8.7379129857071,1.45454545454545,1.28571428571429,1.77216877979262,0.181818181818182,0.142857142857143,152,151,138,NA,NA,NA,198
"156","CLAGLA",NA,-100,0,0.0909090909090909,0,0,0,0,0,0.0909090909090909,0,NA,NA,NA,NA,NA,NA,1
"157","CUCCAN",-15,-2,49.7281376045695,43.3,42.4761904761905,7.88874165050636,5.28181818181818,8.61904761904762,41.0759038905711,37.9272727272727,33.8571428571429,148,141,144,233,236,234,1735
"158","BUBBUB",-80,-49,17.4153026282283,6.75631313131313,3.47619047619048,2.49833206009677,0.554545454545455,0.571428571428571,8.19197056813156,5.27272727272727,2.76190476190476,NA,NA,NA,323,303,300,279
"159","BUBSCA",-100,-100,1.2,1.75580808080808,0,0,0.363636363636364,0,0.166666666666667,0.0909090909090909,0,NA,NA,NA,NA,NA,NA,22
"160","SURULU",648,542,0.70995670995671,0.827272727272727,5.30952380952381,0,0,0.142857142857143,0.70995670995671,0.727272727272727,5.16666666666667,NA,NA,NA,NA,NA,NA,60
"161","GLAPAS",-34,-92,7.37806447938027,64.0747474747475,4.85714285714286,0.0909090909090909,0.281818181818182,0,6.78715538847118,62.8181818181818,4.71428571428571,NA,NA,NA,293,287,288,876
"162","STRALU",-30,-57,6.96123424648966,11.3762626262626,4.88095238095238,0.744783359914939,0.3,1,5.63311755324139,10.1818181818182,3.88095238095238,NA,NA,NA,297,292,294,281
"163","STRURA",35,-81,0.442156862745098,3.09090909090909,0.595238095238095,0,0,0,0.442156862745098,2.90909090909091,0.595238095238095,NA,NA,NA,NA,NA,NA,47
"164","STRNEB",-42,Inf,0.247619047619048,0,0.142857142857143,0.2,0,0,0.0476190476190476,0,0.142857142857143,NA,NA,NA,NA,NA,NA,3
"165","ASIOTU",-30,-35,40.3946871669782,43.1878787878788,28.1761904761905,5.13141551860592,2.91818181818182,3.35714285714286,31.8942240293246,38.2727272727273,22.0714285714286,93,95,90,294,291,296,1393
"166","ASIFLA",109,51,14.0935227612085,19.4636363636364,29.4285714285714,5.31160390606985,10.0090909090909,14.8095238095238,8.28191885513867,9.45454545454546,14.3333333333333,118,116,127,279,284,289,676
"167","AEGFUN",-56,98,66.2343334941632,14.7272727272727,29.2142857142857,0.5,0,0.30952380952381,65.2343334941632,14.7272727272727,28.9047619047619,NA,NA,NA,287,289,283,1726
"168","CAPEUR",14,49,4.49413191727433,3.45454545454545,5.14285714285714,1.11514400632048,0.454545454545455,1,3.37898791095385,3,3.42857142857143,NA,NA,NA,241,243,249,158
"169","APUAPU",-52,-41,6269.28094145277,5128.01717171717,3011.2380952381,1045.12740788623,1201.90909090909,763.952380952381,4575.39996213797,3491.36464646465,1924,151,148,147,213,226,206,163458
"170","APUPAL",NA,-100,0,0.0909090909090909,0,0,0,0,0,0.0909090909090909,0,NA,NA,NA,NA,NA,NA,1
"171","ALCATT",414,Inf,0.0555555555555556,0,0.285714285714286,0.0555555555555556,0,0.285714285714286,0,0,0,NA,NA,NA,NA,NA,NA,3
"172","MERAPI",425,116,0.299101307189542,0.727272727272727,1.57142857142857,0.187990196078431,0.727272727272727,1.28571428571429,0.111111111111111,0,0.285714285714286,NA,NA,NA,NA,NA,NA,23
"173","UPUEPO",43,398,0.315674603174603,0.0909090909090909,0.452380952380952,0.268055555555556,0.0909090909090909,0.452380952380952,0.0476190476190476,0,0,NA,NA,NA,NA,NA,NA,9
"174","JYNTOR",18,86,47.5005838975266,30.2535353535354,56.1428571428571,24.9656165300128,23.6818181818182,42.5714285714286,15.4738562564027,2.82727272727273,4,138,136,138,217,213,213,1644
"175","PICCAN",51,22,6.68710418408561,8.28181818181818,10.1190476190476,2.05626799670917,1.54545454545455,1.47619047619048,4.44280199934225,6.73636363636364,8.19047619047619,83,104,89,222,256,295,261
"176","DRYMAR",230,8,51.4845124388855,157.710028860029,169.952380952381,4.15381293113491,15.2909090909091,1.5952380952381,45.6222728037356,132.283838383838,167.619047619048,114,118,83,262,264,263,4174
"177","DENMAJ",94,-30,171.138049605194,473.908766233766,331.857142857143,9.77233696386173,12.4,27.5,152.282496021351,457.167676767677,298.952380952381,119,113,107,254,231,236,11507
"178","DENLEU",1476,275,1.58214285714286,6.64545454545455,24.9285714285714,0,0.363636363636364,0.738095238095238,1.58214285714286,6.18181818181818,24.0238095238095,NA,NA,NA,290,294,289,269
"179","DENMIN",103,17,80.5903571531667,139.364393939394,163.5,5.57062217967791,15.7272727272727,17.2857142857143,74.4491000528539,117.922222222222,143.047619047619,110,105,105,277,277,286,4535
"180","PICTRI",-1,-64,16.2452896948253,45.1181818181818,16.0952380952381,0,0.818181818181818,0.142857142857143,15.5452896948253,43.9090909090909,15.952380952381,NA,NA,NA,290,288,286,933
"181","CALBRA",50,Inf,0.0952380952380952,0,0.142857142857143,0,0,0.142857142857143,0.0952380952380952,0,0,NA,NA,NA,NA,NA,NA,15
"182","LULARB",45,-41,200.300534733584,490.918181818182,291.071428571429,25.4531753162558,46.5454545454545,19.952380952381,173.750595070564,441.381818181818,270.547619047619,98,92,96,276,274,275,11460
"183","ALAARV",-45,-30,1227.45606700661,957.267424242424,671.857142857143,1065.26788515492,853.352272727273,599.52380952381,156.295523121529,102.272727272727,71.9047619047619,97,88,91,278,279,281,35219
"184","EREALP",-68,-82,1.79335839598997,3.21590909090909,0.571428571428571,0.1,0.636363636363636,0,1.69335839598997,2.45454545454545,0.571428571428571,NA,NA,NA,NA,NA,NA,74
"185","RIPRIP",-71,-63,485.465350404669,376.529292929293,140.404761904762,63.1752011060835,33.1090909090909,16.9761904761905,421.647292155729,342.747474747475,122.571428571429,144,145,139,226,226,223,13629
"186","HIRRUS",-16,-14,6370.64396596695,6196.05151515152,5334.71428571429,824.776121771246,845.263636363636,790.857142857143,5274.98451086237,5019.5,4260.57142857143,142,138,138,245,245,248,214665
"187","DELURB",-38,-37,4122.28392568903,4067.43434343434,2552.90476190476,549.383328230077,488.59898989899,704.333333333333,3279.71885142721,3251.2,1447.14285714286,142,139,139,239,237,237,127606
"188","CECDAU",-100,-100,0.0625,0.181818181818182,0,0.0625,0.181818181818182,0,0,0,0,NA,NA,NA,NA,NA,NA,3
"189","ANTRIC",-37,-50,1.35634920634921,1.72727272727273,0.857142857142857,0,0.0909090909090909,0,1.35634920634921,1.63636363636364,0.857142857142857,NA,NA,NA,NA,NA,NA,53
"190","ANTCAM",-19,136,0.527474323062558,0.181818181818182,0.428571428571429,0.121323529411765,0.0909090909090909,0.142857142857143,0.406150793650794,0.0909090909090909,0.285714285714286,NA,NA,NA,NA,NA,NA,15
"191","ANTHOD",Inf,57,0,0.0909090909090909,0.142857142857143,0,0,0,0,0.0909090909090909,0.142857142857143,NA,NA,NA,NA,NA,NA,2
"192","ANTTRI",-28,-40,10896.7673873598,13238.0090909091,7885.04761904762,430.641958780813,350.727272727273,315.214285714286,10410.1799678306,12866.5181818182,7551.11904761905,128,127,126,239,234,238,416463
"193","ANTPRA",-70,-36,6932.31426421016,3289.08445165945,2103.59523809524,433.067761864898,359.281818181818,216.214285714286,6453.3959923977,2867.17272727273,1856.78571428571,109,106,109,271,269,269,197993
"194","ANTCER",-18,-9,35.9054492849772,32.3636363636364,29.4761904761905,0.435399159663866,0.363636363636364,0.142857142857143,35.4700501253133,32,29.3333333333333,NA,NA,NA,251,252,254,1517
"195","ANTPET",10,23,21.0655324336826,18.8883116883117,23.2619047619048,14.3123251318685,15.4545454545455,16.1190476190476,5.86355349157207,2.90909090909091,6.85714285714286,104,105,102,247,262,253,1002
"196","MOTFLA",-44,-41,5826.09858143662,5513.59696969697,3235.71428571429,78.5439518384952,44.4090909090909,37.9761904761905,5746.45066134416,5468.69494949495,3197.59523809524,137,137,136,235,234,234,198601
"197","MOTCIT",204,110,0.188034188034188,0.272727272727273,0.571428571428571,0.0769230769230769,0.272727272727273,0.285714285714286,0,0,0.142857142857143,NA,NA,NA,NA,NA,NA,9
"198","MOTCIN",334,26,0.728907203907204,2.52222222222222,3.16666666666667,0.0769230769230769,0.363636363636364,0.285714285714286,0.36031746031746,1.76565656565657,2.45238095238095,NA,NA,NA,NA,NA,NA,59
"199","MOTALB",-6,-28,4175.11786072115,5462.27878787879,3920.16666666667,838.80122978157,969.727272727273,767.595238095238,2967.21372926609,4117.15454545455,2826.83333333333,115,111,110,256,254,256,165558
"200","BOMGAR",63,-40,7748.49152783491,21138.1655844156,12652.1380952381,119.423851067233,1145.40909090909,106.666666666667,6270.7775974026,17486.7272727273,11893.119047619,83,66,71,304,292,301,431691
"201","CINCIN",-82,-53,3.13953634085213,1.21818181818182,0.571428571428571,0,0,0,1.2062030075188,0.636363636363636,0.571428571428571,NA,NA,NA,NA,NA,NA,41
"202","TROTRO",17,-8,205.535709276963,261.375360750361,240.571428571429,31.4663699303792,32.8454545454545,37.0238095238095,172.806349150505,223.727272727273,203.095238095238,111,105,103,280,279,278,10028
"203","PRUMOD",34,23,846.996714108904,927.413131313131,1136.52380952381,198.360646736305,175.472727272727,156.261904761905,645.615654207334,741.390909090909,967.833333333333,113,111,113,263,264,261,35453
"204","PRUMON",Inf,1000,0,0.0909090909090909,1,0,0,0.142857142857143,0,0.0909090909090909,0.857142857142857,NA,NA,NA,NA,NA,NA,8
"205","PRUATR",NA,-100,0,0.0909090909090909,0,0,0,0,0,0.0909090909090909,0,NA,NA,NA,NA,NA,NA,1
"206","ERIRUB",-1,13,1419.75363989296,1245.91821789322,1405.98571428571,577.690846962635,424.9,523.714285714286,814.989073186016,795.763636363636,868.642857142857,114,112,112,272,271,269,56919
"207","LUSLUS",65,-21,170.616951362191,356.509090909091,282.190476190476,79.3483758888171,158.963636363636,156.714285714286,26.7947659495647,75.9545454545455,49,150,149,147,209,209,211,7916
"208","LUSMEG",-100,NA,0.333333333333333,0,0,0,0,0,0.333333333333333,0,0,NA,NA,NA,NA,NA,NA,7
"209","LUSSVE",-66,-40,21.6860241667517,12.2727272727273,7.33333333333333,18.8786306830424,9.72727272727273,6.47619047619048,2.80739348370927,2.54545454545455,0.857142857142857,136,136,136,NA,NA,NA,850
"210","TARCYA",Inf,Inf,0,0,0.285714285714286,0,0,0,0,0,0.285714285714286,NA,NA,NA,NA,NA,NA,2
"211","PHOOCH",139,-19,0.955648926237161,2.81818181818182,2.28571428571429,0.858029878618114,1.90909090909091,1.71428571428571,0.0976190476190476,0.909090909090909,0.428571428571429,NA,NA,NA,NA,NA,NA,98
"212","PHOPHO",-25,-2,143.515008061254,108.836363636364,107.095238095238,68.924931153298,65.8272727272727,72.8809523809524,73.5388864317657,42.9090909090909,32.9285714285714,135,128,130,249,249,245,4513
"213","SAXTRA",-70,-63,63.3955478345184,52.6363636363636,19.2142857142857,25.6969834087481,19.5454545454545,9.21428571428571,37.6985644257703,33.0909090909091,10,136,134,132,234,234,233,5146
"214","SAXMAU",NA,-100,0,0.545454545454545,0,0,0.545454545454545,0,0,0,0,NA,NA,NA,NA,NA,NA,6
"215","SAXOLA",100,Inf,0.0714285714285714,0,0.142857142857143,0.0714285714285714,0,0.142857142857143,0,0,0,NA,NA,NA,NA,NA,NA,2
"216","OENOEN",-54,-27,294.340529302139,182.910101010101,133.97619047619,134.389735509588,98.1727272727273,79.9761904761905,118.702777919535,57.5636363636364,45.2857142857143,125,121,117,239,249,253,8680
"217","OENPLE",-100,NA,0.0476190476190476,0,0,0,0,0,0.0476190476190476,0,0,NA,NA,NA,NA,NA,NA,1
"218","TURTOR",162,86,1.22910216718266,1.72727272727273,3.21428571428571,0.845768833849329,1.18181818181818,2.5,0.383333333333333,0.545454545454545,0.714285714285714,NA,NA,NA,NA,NA,NA,63
"219","TURMER",9,0,892.196624002932,965.759812409812,969.390476190476,473.729496604187,485.663636363636,462.690476190476,243.995900831195,284.563636363636,318.47619047619,99,97,94,292,293,294,31512
"220","TUREUN",-100,NA,0.0476190476190476,0,0,0,0,0,0.0476190476190476,0,0,NA,NA,NA,NA,NA,NA,1
"221","TURATR",Inf,57,0,0.0909090909090909,0.142857142857143,0,0,0,0,0.0909090909090909,0.142857142857143,NA,NA,NA,NA,NA,NA,2
"222","TURPIL",28,-35,15060.5155314757,29635.7075036075,19278.6285714286,2632.83468192454,3136.67272727273,2346.78571428571,9888.59157012149,17652.8,14159.0476190476,109,95,105,298,300,297,680843
"223","TURPHI",-28,5,840.530047287594,578.225252525252,609.190476190476,446.628150723545,259.572727272727,252.809523809524,375.672614081825,313.290909090909,329.380952380952,113,109,108,274,273,271,28843
"224","TURILI",-62,-13,6420.0877360127,2825.62828282828,2448.40476190476,5844.29056305322,2302.36363636364,2186.2380952381,540.483864943966,494.481818181818,256.928571428571,110,99,106,286,296,291,159145
"225","TURVIS",106,10,689.637214484002,1292.76338383838,1422.2380952381,121.204821782105,172.4,214.190476190476,566.61682314074,1116.64545454545,1201.92857142857,103,97,95,278,275,281,38000
"226","LOCNAE",16,-3,1.59631483497583,1.90909090909091,1.85714285714286,0.870930295195001,1.27272727272727,1.42857142857143,0.725384539780825,0.636363636363636,0.428571428571429,NA,NA,NA,NA,NA,NA,61
"227","LOCFLU",76,153,0.811236802413273,0.565656565656566,1.42857142857143,0.532175177763413,0.272727272727273,1.42857142857143,0.15406162464986,0,0,NA,NA,NA,NA,NA,NA,28
"228","IDUCAL",Inf,57,0,0.272727272727273,0.428571428571429,0,0.272727272727273,0.428571428571429,0,0,0,NA,NA,NA,NA,NA,NA,6
"229","HIPICT",13,44,162.109461530901,127.362626262626,182.857142857143,46.1964474251239,55.7090909090909,70.4285714285714,64.327299820063,29.0090909090909,52,156,154,154,209,211,212,5321
"230","ACRSCH",-65,-46,29.5821440384521,19.2292929292929,10.3095238095238,9.28428320045967,6.19090909090909,7.45238095238095,19.4411148062464,12.6363636363636,2.85714285714286,148,147,140,234,240,246,2031
"231","ACRAGR",NA,-100,0,0.181818181818182,0,0,0,0,0,0.181818181818182,0,NA,NA,NA,NA,NA,NA,2
"232","ACRDUM",23,160,10.0091530201824,4.71818181818182,12.2857142857143,3.56117126337715,3.78181818181818,9,4.14758493140846,0.181818181818182,1,156,154,148,NA,NA,NA,351
"233","ACRRIS",-34,-11,24.463850897984,18.1272727272727,16.1428571428571,11.3191104646987,8.8,9.57142857142857,4.55386741741231,3.4,0.285714285714286,159,157,155,NA,NA,NA,983
"234","ACRSCI",-52,-42,18.1266499109765,15.089898989899,8.71428571428571,8.51036773683833,9.34545454545455,5.42857142857143,4.37977423763027,2.90909090909091,1.28571428571429,154,153,148,210,233,213,1592
"235","ACRARU",52,5,0.188034188034188,0.272727272727273,0.285714285714286,0.0769230769230769,0.181818181818182,0.285714285714286,0,0,0,NA,NA,NA,NA,NA,NA,7
"236","SYLCAN",Inf,371,0,0.0909090909090909,0.428571428571429,0,0.0909090909090909,0.428571428571429,0,0,0,NA,NA,NA,NA,NA,NA,4
"237","SYLNAN",Inf,214,0,0.0909090909090909,0.285714285714286,0,0,0,0,0.0909090909090909,0.285714285714286,NA,NA,NA,NA,NA,NA,3
"238","SYLNIS",-78,283,62.546587575651,3.62020202020202,13.8571428571429,10.6599188393306,2.03636363636364,4,28.514843339495,0.818181818181818,4.71428571428571,162,160,160,NA,NA,NA,902
"239","SYLCUR",17,-12,586.361520836405,782.671717171717,686.595238095238,218.878735725059,342.136363636364,316.261904761905,281.492308920869,319.790909090909,299.333333333333,145,144,140,224,223,225,22868
"240","SYLCOM",-32,-25,553.79171859702,504.00101010101,377.071428571429,187.672603785104,192.763636363636,170.357142857143,171.952051319853,160.263636363636,103.285714285714,156,152,148,214,212,213,15701
"241","SYLBOR",-60,-1,431.632917890503,176.318181818182,174.309523809524,75.7703197945845,62.3181818181818,60.1666666666667,310.959423492744,91.5181818181818,85.8571428571429,156,151,151,237,236,237,10965
"242","SYLATR",28,63,112.489540993063,88.6272727272727,144.404761904762,24.8174639086404,33.1727272727273,61.5714285714286,80.204616766962,42.4181818181818,63.6904761904762,150,145,141,254,254,253,4382
"243","PHYDES",115,255,6.10429694144864,3.7040404040404,13.1428571428571,3.025465057818,2.47272727272727,10.2857142857143,1.67645093124969,0.454545454545455,1.14285714285714,153,147,150,NA,NA,NA,214
"244","PHYBOR",-100,NA,0.0476190476190476,0,0,0,0,0,0.0476190476190476,0,0,NA,NA,NA,NA,NA,NA,1
"245","PHYPRO",-78,-87,1.30952380952381,2.18181818181818,0.285714285714286,0,0,0,1.30952380952381,2.09090909090909,0.285714285714286,NA,NA,NA,NA,NA,NA,51
"246","PHYINO",314,207,1.1452380952381,1.54545454545455,4.73809523809524,0,0,0,1.1452380952381,1.54545454545455,4.73809523809524,NA,NA,NA,278,269,264,74
"247","PHYHUM",Inf,-48,0,0.272727272727273,0.142857142857143,0,0,0,0,0.272727272727273,0.142857142857143,NA,NA,NA,NA,NA,NA,4
"248","PHYSCH",-100,NA,0.0952380952380952,0,0,0,0,0,0.0952380952380952,0,0,NA,NA,NA,NA,NA,NA,2
"249","PHYFUS",20,214,0.238095238095238,0.0909090909090909,0.285714285714286,0,0,0,0.238095238095238,0.0909090909090909,0.285714285714286,NA,NA,NA,NA,NA,NA,8
"250","PHYBON",Inf,-84,0,0.885858585858586,0.142857142857143,0,0,0,0,0,0.142857142857143,NA,NA,NA,NA,NA,NA,10
"251","PHYSIB",-61,0,95.6780104484439,36.8040404040404,36.9047619047619,13.8722159376571,4.36363636363636,7.61904761904762,78.7498421298344,31.1909090909091,28,140,136,133,227,226,226,2430
"252","PHYCOL",57,81,125.242321773514,108.317171717172,196.571428571429,48.1083743956422,40.8181818181818,58.4047619047619,75.2176775366017,66.3636363636364,136.02380952381,129,125,129,274,274,276,5355
"253","PHYLUS",-51,-24,2392.58628911079,1522.3202020202,1163.07142857143,716.230238917429,458.772727272727,405.880952380952,1519.79295495526,948.109090909091,674.47619047619,145,143,139,235,235,236,65842
"254","REGREG",-2,-9,2142.07815754937,2314.00588023088,2104.97619047619,309.734384122929,172.690909090909,229.214285714286,1799.30012263279,2112.18181818182,1869.02380952381,98,99,99,279,279,275,89545
"255","REGIGN",NA,-100,0,0.0909090909090909,0,0,0.0909090909090909,0,0,0,0,NA,NA,NA,NA,NA,NA,1
"256","MUSSTR",4,12,495.565561481003,462.576767676768,516.571428571429,121.83341682827,131.027272727273,120.142857142857,311.167065287654,283.418181818182,356,150,151,145,240,237,238,17857
"257","FICPAR",102,41,14.3700960546162,20.5545454545455,29.047619047619,4.09950351935646,3.27272727272727,8.88095238095238,9.47059253525972,17.0909090909091,19.7380952380952,146,144,137,254,256,254,840
"258","FICALB",155,1000,0.392054655870445,0.0909090909090909,1,0.339423076923077,0.0909090909090909,1,0.0526315789473684,0,0,NA,NA,NA,NA,NA,NA,12
"259","FICHYP",-16,31,190.695359864594,122.261616161616,159.738095238095,64.460104068618,49.4363636363636,68.8809523809524,109.835255795976,69.6363636363636,83.1428571428571,141,139,138,229,229,228,6365
"260","PANBIA",41,-18,2.87210550887021,4.90909090909091,4.04761904761905,0.336601307189543,0.363636363636364,0.428571428571429,2.53550420168067,4.54545454545455,3.61904761904762,NA,NA,NA,296,293,280,133
"261","AEGCAU",150,-53,1518.21372698509,8115.71818181818,3793.92857142857,9.65677835236659,0.754545454545455,4.09523809523809,1499.81488514066,8109.27272727273,3783.2619047619,NA,NA,NA,292,287,298,147075
"262","CYACAE",32,1,15806.933382755,20590.9467171717,20842.3571428571,382.370655526964,737.509090909091,1036.92857142857,15068.621246405,18982.8727272727,18978.3095238095,99,96,95,279,277,282,685675
"263","PARMAJ",-5,-47,13186.9702263981,23721.5527777778,12524.4047619048,594.204219086727,1128.6,935.690476190476,11856.7958203905,20628.6454545455,10419.0476190476,93,93,89,279,278,286,596315
"264","PERATE",-55,-56,8873.06442284496,8959.52398989899,3954.18571428571,3.46048385309221,6.90909090909091,9.40476190476191,8866.74838343631,8948.27272727273,3918.69047619048,96,112,80,272,267,271,312231
"265","LOPCRI",-26,-52,64.8576075154636,99.4989898989899,47.8571428571429,8.77763987818167,6.92727272727273,4.11904761904762,34.8830659278802,68.2909090909091,36,97,91,91,262,273,260,4740
"266","POEPAL",Inf,Inf,0,0,0.738095238095238,0,0,0,0,0,0.738095238095238,NA,NA,NA,NA,NA,NA,5
"267","POEMON",-65,-68,1505.46494218716,1603.48445165945,519.9,8.90563908485735,8.93636363636364,4.59523809523809,1466.12021580071,1559.27272727273,487.357142857143,82,78,71,277,271,272,52817
"268","POECIN",-95,-84,2.95168067226891,0.909090909090909,0.142857142857143,0.0588235294117647,0,0,2.89285714285714,0.909090909090909,0.142857142857143,NA,NA,NA,NA,NA,NA,72
"269","SITEUR",-44,81,43.1794945250828,13.4545454545455,24.2857142857143,0.350490196078431,0.0909090909090909,0.428571428571429,42.8290043290043,13.3636363636364,23.8571428571429,NA,NA,NA,285,278,284,1219
"270","CERFAM",13,-16,161.328303804039,216.679292929293,182.761904761905,21.8809602162543,27.0363636363636,14.547619047619,129.997460301137,180.672727272727,165.880952380952,100,107,101,283,287,286,10051
"271","REMPEN",5243,1629,0.117647058823529,0.363636363636364,6.28571428571429,0.117647058823529,0.181818181818182,0.571428571428571,0,0.181818181818182,5.71428571428571,NA,NA,NA,NA,NA,NA,50
"272","ORIORI",-20,38,4.64699668666387,2.68585858585859,3.71428571428571,1.58225149033973,1.55454545454545,3.14285714285714,1.85839598997494,0.727272727272727,0.142857142857143,150,154,155,NA,NA,NA,125
"273","LANCOL",-56,-33,149.639557935185,98.8313131313131,66.4523809523809,40.2960353372118,31.8818181818182,30.3095238095238,89.2121733916238,49.2545454545455,25.5714285714286,153,152,151,218,218,223,5277
"274","LANMIN",-100,NA,0.135746606334842,0,0,0.135746606334842,0,0,0,0,0,NA,NA,NA,NA,NA,NA,2
"275","LANEXC",-2,-27,33.1330085892779,44.9130591630592,32.5952380952381,3.5229945836757,3.63636363636364,4.66666666666667,26.6147759103641,39.7272727272727,26.3571428571429,93,104,95,282,277,280,1380
"276","LANSEN",-100,NA,0.0666666666666667,0,0,0.0666666666666667,0,0,0,0,0,NA,NA,NA,NA,NA,NA,1
"277","GARGLA",70,-51,490.109004884005,1712,831.5,0.937576312576313,3.36363636363636,1,489.171428571429,1708.63636363636,830.214285714286,NA,NA,NA,279,274,274,34801
"278","PICPIC",-47,-48,91.0619144013881,92.4707070707071,48.5238095238095,24.3135316352035,25.2545454545455,11.7857142857143,62.1555256233275,59.7909090909091,36.1666666666667,93,88,93,295,281,287,2992
"279","NUCCAR",-68,-36,863.882043622872,428.909090909091,273.095238095238,0,0,0,863.882043622872,428.636363636364,273.095238095238,NA,NA,NA,242,252,260,24054
"280","CORMON",361,34,2979.08253186442,10225.6926767677,13734.9523809524,1123.14764276401,1462.90909090909,1599.90476190476,1803.09395413668,8718.96363636364,12068.880952381,107,102,112,285,285,285,261920
"281","CORFRU",-88,-64,266.468842088424,88.7929292929293,31.8809523809524,236.55756757862,75.2090909090909,28.7380952380952,27.4745098039216,12.8181818181818,2.57142857142857,102,98,104,294,292,287,5313
"282","CORNIX",-34,-33,7165.98050707462,7021.52691197691,4699.63333333333,1665.83325710237,1805.84545454545,1328.2380952381,4665.07952749864,4182.90909090909,2775.59523809524,101,84,92,286,286,284,228175
"283","CORRAX",118,1,606.696841123273,1309.22492784993,1319.79047619048,212.929156503112,409.454545454545,419.071428571429,235.273188103606,637.518181818182,661.571428571429,103,67,61,294,287,280,30877
"284","STUVUL",-47,-29,11442.981007387,8462.60043290043,6012.64285714286,2774.89813371183,1694.86363636364,1481.45238095238,8666.66620700851,6754.18282828283,4527.5,105,99,100,285,227,230,338510
"285","PASROS",171,57,0.0526315789473684,0.0909090909090909,0.142857142857143,0,0,0.142857142857143,0.0526315789473684,0.0909090909090909,0,NA,NA,NA,NA,NA,NA,3
"286","PASDOM",-94,-86,446.401828237122,200.210101010101,27.3095238095238,4.62757948106245,2.54545454545455,1.28571428571429,440.809335483058,196.656565656566,25.8809523809524,115,106,117,266,228,227,11160
"287","PASMON",5850,438,25.4320425876153,281.467676767677,1513.16666666667,2.28412636984618,4.81818181818182,16.452380952381,23.0812495511025,276.367676767677,1496,130,120,104,287,282,283,14467
"288","FRICOE",-10,-26,94833.9171328457,115168.018939394,85468.3571428571,21380.5169999634,15287.4272727273,12917.5714285714,71919.0144248811,98879.8909090909,71154.1666666667,113,107,110,267,264,262,3720050
"289","FRIMON",-57,-55,12823.4534208052,12326.7367243867,5489.71428571429,458.61982478306,396,359.095238095238,12362.1296277682,11918.6363636364,5066.07142857143,116,112,110,278,277,279,440231
"290","SERSER",177,112,1.77241794153559,2.31111111111111,4.9047619047619,1.37400524312289,2.12929292929293,4.61904761904762,0.198412698412698,0,0.285714285714286,140,128,129,NA,NA,NA,83
"291","CARCHL",-52,-68,13971.4754759602,20743.1048340548,6678.5,1348.43351180983,2102.07730880231,1002.5,11451.2364480978,16447.4181818182,5062.83333333333,99,95,95,289,290,288,516327
"292","CARCAR",131,18,221.695329983914,435.957828282828,513.02380952381,41.6178123948635,107.509090909091,97.4523809523809,176.455902276258,286.818181818182,409.261904761905,115,110,112,286,288,292,12629
"293","CARSPI",-22,-31,71010.8965205546,80256.4895743146,55192.519047619,1719.72398644098,1282.49090909091,1393.83333333333,68566.0968948836,77653.2575757576,52587.5476190476,114,102,134,268,269,268,2721900
"294","CARCAN",-23,-1,830.236140368919,649.430303030303,642.261904761905,246.147287589432,178.409090909091,172.452380952381,522.544079742067,427.072727272727,453.095238095238,107,103,104,283,283,282,26946
"295","CARRIS",598,-47,0.808806776299036,10.6636363636364,5.64285714285714,0.269030865934891,4.56363636363636,1.71428571428571,0.539775910364146,5.18181818181818,3.14285714285714,NA,NA,NA,NA,NA,NA,171
"296","CARMEA",36,-17,3525.01894308822,5766.23917748918,4801.69047619048,449.274772436885,2136.71818181818,206.595238095238,2355.32138192045,2370.64545454545,3835.07142857143,75,83,110,302,306,297,146677
"297","CARHOR",5,193,4.93968253968254,1.76565656565657,5.16666666666667,0.15,0.181818181818182,0.285714285714286,3.0952380952381,1,4.45238095238095,NA,NA,NA,328,310,305,112
"298","LOXLEU",132,355,27.282032050337,13.9181818181818,63.3571428571429,0.0769230769230769,0.0909090909090909,0.880952380952381,26.1981645289695,13.5454545454545,61.4761904761905,NA,NA,NA,266,225,264,1105
"299","LOXCUR",-26,-34,3948.52695003655,4411.72146464646,2929.64285714286,998.947295270089,177.990909090909,468.809523809524,1780.34343322656,2744.03939393939,1384.92857142857,145,140,142,248,226,245,125281
"300","LOXPYT",4,32,289.927230449289,227.653535353535,300.833333333333,19.7935761263161,22.1181818181818,27.7857142857143,252.305199607754,191.451515151515,252,109,124,99,266,278,290,9932
"301","CARERY",-33,-19,365.508909197957,304.770707070707,246.285714285714,190.367405551964,191.736363636364,175.428571428571,121.712932217421,71.4363636363636,42.1428571428571,148,146,143,224,222,218,10366
"302","PINENU",30,610,41.1628968253968,7.5199494949495,53.3809523809524,0.0625,0,0,12.6464285714286,3.81818181818182,51.8809523809524,NA,NA,NA,351,331,308,613
"303","PYRPYR",-16,-14,3464.69233284346,3392.24516594517,2917.38095238095,145.353897070422,89.6909090909091,22.6428571428571,3109.79856649199,3121.28080808081,2860.83333333333,75,86,100,298,297,295,119114
"304","COCCOC",52,-5,37.5081917523481,59.9757575757576,57,22.3670199167877,32.3636363636364,28.0952380952381,11.3831536282775,16.4545454545455,15.1904761904762,115,117,116,283,280,278,1679
"305","CALLAP",-76,-67,37.0691727175473,26.4545454545455,8.76190476190476,11.6723682062691,9.90909090909091,2.30952380952381,25.3968045112782,16.5454545454545,6.45238095238095,116,113,116,255,255,263,1179
"306","PLENIV",-70,-53,289.931102308424,186.20202020202,87.8571428571429,193.803866996437,130.763636363636,67.7619047619048,87.6780289627813,54.0909090909091,18.7619047619048,90,86,95,302,300,305,7345
"307","EMBCIT",-56,-16,2468.666208701,1275.26287878788,1074.12857142857,1003.44560274607,542.036363636364,557.166666666667,1417.98072141137,697.909090909091,362.547619047619,104,99,98,291,294,293,67040
"308","EMBHOR",-94,-63,67.9127895152663,10.9090909090909,4.04761904761905,25.5673714357538,5.36363636363636,1.76190476190476,42.0025609366554,5.54545454545455,2.28571428571429,136,126,132,237,232,236,1404
"309","EMBRUS",-87,-54,16.1725015782291,4.63636363636364,2.14285714285714,8.9611398405516,3.09090909090909,0.571428571428571,6.75739348370927,1.54545454545455,1.57142857142857,NA,NA,NA,257,263,265,343
"310","EMBPUS",-31,18,0.616666666666667,0.363636363636364,0.428571428571429,0.0666666666666667,0.181818181818182,0,0.55,0.181818181818182,0.428571428571429,NA,NA,NA,NA,NA,NA,19
"311","EMBAUR",-100,NA,0.0476190476190476,0,0,0,0,0,0.0476190476190476,0,0,NA,NA,NA,NA,NA,NA,1
"312","EMBSCH",-51,-44,501.397481113658,438.331313131313,244.785714285714,184.55398608959,140.909090909091,68.7142857142857,314.084084336716,295.554545454545,175.47619047619,105,102,106,272,275,278,19469
"313","EMBCAL",1843,Inf,0.0588235294117647,0,1.14285714285714,0.0588235294117647,0,0,0,0,1.14285714285714,NA,NA,NA,NA,NA,NA,9
"314","EMBELE",-100,NA,0.0526315789473684,0,0,0.0526315789473684,0,0,0,0,0,NA,NA,NA,NA,NA,NA,1
